id,name,email,phone,city
1,Josi Yaknov,jyaknov0@51.la,5374882405,Kuantan
2,Johnnie Broady,jbroady1@mysql.com,6196238543,Novovolyns’k
3,Benetta Sillwood,bsillwood2@mtv.com,7441191653,Cuevas
4,Bibby Dakhno,bdakhno3@cdbaby.com,4341912553,Ulaandel
5,Matilde Roser,mroser4@usa.gov,8952611261,Boca Suno
6,Robb Turnock,rturnock5@t.co,3923021157,Okocim
7,Ines McNeilley,imcneilley6@psu.edu,3987598980,Kilinochchi
8,Georas Vise,gvise7@washingtonpost.com,6763973729,Richmond
9,Keelby Sherington,ksherington8@unicef.org,8476877096,Ganné Tiqwa
10,Dido Ranscombe,dranscombe9@is.gd,6011623552,Kebonsari
11,Ainsley Goldis,agoldisa@statcounter.com,9128185006,Nazrēt
12,Dell Marsy,dmarsyb@google.de,4324889823,Nanterre
13,Pincus Van't Hoff,pvantc@dedecms.com,2359277310,Gangkou
14,Demetre Witchalls,dwitchallsd@noaa.gov,3892613353,Sysert’
15,Maible Keems,mkeemse@tiny.cc,2736741735,Basarabeasca
16,Lief McBeith,lmcbeithf@jimdo.com,6027871412,Phoenix
17,Matias Airth,mairthg@xing.com,7488299032,Bundoran
18,Jemima Ellar,jellarh@pagesperso-orange.fr,4203772138,Colcabamba
19,Karina Bestall,kbestalli@baidu.com,6904576631,Quzhou
20,Mohammed Portinari,mportinarij@posterous.com,6774662446,Vágia
21,Ulrike Curle,ucurlek@unc.edu,7867770889,San Jerónimo
22,Wendie Kneel,wkneell@ox.ac.uk,9345722057,Bao’an
23,Barbe Stuckow,bstuckowm@miitbeian.gov.cn,6136365409,Tangga
24,Morry Kitchingman,mkitchingmann@ning.com,1262346718,Zbiroh
25,Jilleen Stork,jstorko@berkeley.edu,4072049856,Saku
26,Karoline Ivanichev,kivanichevp@utexas.edu,5297062101,Sendangkemulian
27,Darbee Skaid,dskaidq@marketwatch.com,1286079133,Jinqiao
28,Kendricks Le Galle,kler@oracle.com,9654209665,Tireman Timur
29,Tann Brimner,tbrimners@google.fr,3782046363,Escola
30,Nobe Blondel,nblondelt@dagondesign.com,4582661979,Stockholm
31,Henriette Stockings,hstockingsu@bloglovin.com,8407499809,Sonquil
32,Zuzana Harbor,zharborv@amazon.co.uk,6364131282,Wenchi
33,Tad Toler,ttolerw@gnu.org,4029012575,Barbacena
34,Hetti Budleigh,hbudleighx@sun.com,3055975505,Waerana
35,Erie Shimwall,eshimwally@whitehouse.gov,1415578855,Sumbersarikrajan
36,Barney Bawcock,bbawcockz@jiathis.com,8781527454,Longsheng
37,Mariette Lapish,mlapish10@nyu.edu,9974880963,Tanlad
38,Mamie Draayer,mdraayer11@amazon.de,8991194611,Machakos
39,Ema Rudgerd,erudgerd12@gnu.org,6668837085,Ribaldeira
40,Geneva Beynke,gbeynke13@wikipedia.org,8056481956,Sankanan
41,Ruthanne South,rsouth14@friendfeed.com,2253430843,Kamogatachō-kamogata
42,Hugh Matelyunas,hmatelyunas15@cbslocal.com,1228789597,Tegalgede
43,Korrie Meale,kmeale16@smugmug.com,8998034703,Yuecheng
44,Charity Bourke,cbourke17@nymag.com,9114703193,Ibshawāy
45,Caitrin McGrotty,cmcgrotty18@businesswire.com,8868689449,Rušanj
46,Marci Goodfellowe,mgoodfellowe19@g.co,4946071525,Berlin
47,Minny Tirkin,mtirkin1a@thetimes.co.uk,7073576101,Pruchnik
48,Saloma Robertshaw,srobertshaw1b@webmd.com,7216243479,Powassan
49,Marilin Kiellor,mkiellor1c@comsenz.com,6423282643,Vykhino-Zhulebino
50,Mitchael Downham,mdownham1d@jalbum.net,1896350008,La Esperanza